{
	"individualDetailsList": [
		{
			"userId": "88888888",
			"details":{
					"name": "Ramnarayan Prayaga",
					"dateOfBirth": "14-Jan-1989",
					"panCard": "XYZABC",
					"category": "Individual"
			}
		},
		{
			"userId": "11111111",
			"details":{
					"name": "Anjaneyulu Prayaga",
					"dateOfBirth": "09-Sep-1948",
					"panCard": "123456",
					"category": "Senior Citizen"
			}
		},
		{
			"userId": "66666666",
			"details":{
					"name": "Durgakumari Prayaga",
					"dateOfBirth": "25-May-1960",
					"panCard": "ABC789",
					"category": "Individual"
					
			}
		},
		{
			"userId": "99999999",
			"details": {
					"name": "Prasanna Prayaga",
					"dateOfBirth": "23-Oct-1979",
					"panCard": "789XYZ",
					"category": "Individual"
			}
		},
		{
			"userId": "55555555",
			"details":{
					"name": "Ravishankar Dittakavi",
					"dateOfBirth": "25-Jan-1977",
					"panCard": "ABC741",
					"category": "Individual"
			}
		}
	]
}