{
	"loginDetailsList": [
		{
			"userName": "Ramnarayan_Prayaga",
			"details":{
					"password": "Ingingi01",
					"PANCardNumber": "XYZABC",
					"userId": "88888888"
			}
		},
		{
			"userName": "Anjaneyulu_Prayaga",
			"details":{
					"password": "Raghavan01",
					"PANCardNumber": "123456",
					"userId": "11111111"
			}
		},
		{
			"userName": "Durgakumari_Prayaga",
			"details":{
					"password": "Raghava01",
					"PANCardNumber": "ABC789",
					"userId": "66666666"
			}
		},
		{
			"userName": "Prasanna_Prayaga",
			"details": {
					"password": "Raaghu01",
					"PANCardNumber": "789XYZ",
					"userId": "99999999"
			}
		},
		{
			"userName": "Ravishankar_Dittakavi",
			"details":{
					"password": "Karthik01",
					"PANCardNumber": "ABC741",
					"userId": "55555555"
			}
		}
	]
}